id,account_id,amount,agent_id,operator,status,created_by,sheets_synced,sheets_error,created_at
1,7626583703946346514,100,140,黎明,,23,0,,2026-09-22 00:57:18
2,7652198634626220040,100,140,黎明,存活,23,0,,2026-09-22 01:19:18
3,7667784085704359944,200,139,黎明,存活,23,0,,2026-09-22 14:19:25
4,7678664256887226388,200,148,黎明,存活,23,0,,2026-09-22 16:29:52
5,7613962380741230609,200,140,黎明,存活,23,0,,2026-09-23 17:23:41
6,7615165250001747986,100,139,肥肥,存活,28,0,,2026-09-24 16:08:12
7,7678689678438187029,500,148,黎明,存活,23,0,,2026-09-25 15:14:13
8,7628529652139229202,500,143,黎明,存活,23,0,,2026-09-25 15:14:30
9,7665253633143439381,2000,139,黎明,存活,23,0,,2026-09-25 15:58:49
10,7628529652139229202,800,143,黎明,存活,23,0,,2026-09-27 15:17:39
11,7685590177472921620,20,159,黎明,存活,23,0,,2026-09-27 16:08:35
12,7628529652139229202,600,143,黎明,存活,23,0,,2026-09-29 17:19:08
13,7669727553887748117,2000,142,黎明,存活,23,0,,2026-09-29 17:19:27
14,7678689678438187029,200,148,黎明,存活,23,0,,2026-10-02 13:16:08
15,7669727553887748117,2000,142,黎明,存活,23,0,,2026-10-03 23:21:34
16,7678676223131713556,200,148,黎明,存活,23,0,,2026-10-04 03:47:00
17,7678676223131713556,2000,148,黎明,存活,23,0,,2026-10-04 15:07:54
18,7678688134549979157,300,148,黎明,存活,23,0,,2026-10-05 02:48:31
19,7628529652139229202,1000,143,黎明,存活,23,0,,2026-10-06 00:22:21
20,7678688134549979157,500,148,黎明,存活,23,0,,2026-10-06 16:37:37
