id,account_id,old_bc_id,new_bc_id,changed_by,change_type,created_at
1,1,,1,23,create,2026-09-22 00:05:13
2,2,,1,23,create,2026-09-22 00:05:13
3,3,,1,23,create,2026-09-22 00:05:13
4,4,,1,23,create,2026-09-22 00:05:13
5,5,,1,23,create,2026-09-22 00:05:13
6,6,,2,23,create,2026-09-22 01:13:30
7,7,,3,23,create,2026-09-22 01:13:30
8,8,,4,23,create,2026-09-22 01:13:30
9,9,,4,23,create,2026-09-22 01:13:30
10,10,,4,23,create,2026-09-22 01:13:30
11,11,,3,23,create,2026-09-22 01:13:30
12,12,,3,23,create,2026-09-22 01:13:30
13,13,,3,23,create,2026-09-22 01:13:30
14,14,,5,23,create,2026-09-22 01:13:30
15,15,,5,23,create,2026-09-22 01:13:30
16,16,,3,23,create,2026-09-22 01:13:30
17,17,,3,23,create,2026-09-22 01:13:30
18,18,,3,23,create,2026-09-22 01:13:30
19,19,,3,23,create,2026-09-22 01:13:30
20,20,,1,23,create,2026-09-22 01:13:30
21,21,,1,23,create,2026-09-22 01:13:30
22,22,,1,23,create,2026-09-22 01:13:30
23,23,,1,23,create,2026-09-22 01:13:30
24,24,,1,23,create,2026-09-22 01:13:30
25,25,,5,23,create,2026-09-22 01:13:30
26,26,,1,23,create,2026-09-22 01:13:30
27,27,,1,23,create,2026-09-22 01:13:30
28,28,,1,23,create,2026-09-22 01:13:30
29,29,,1,23,create,2026-09-22 01:13:30
30,30,,1,23,create,2026-09-22 01:13:30
31,31,,1,23,create,2026-09-22 01:13:30
32,32,,1,23,create,2026-09-22 01:13:30
33,33,,1,23,create,2026-09-22 01:13:30
34,34,,1,23,create,2026-09-22 01:13:30
35,35,,1,23,create,2026-09-22 01:13:30
36,36,,1,23,create,2026-09-22 01:13:30
37,37,,1,23,create,2026-09-22 01:13:30
38,38,,1,23,create,2026-09-22 01:13:30
39,39,,1,23,create,2026-09-22 01:13:30
40,40,,1,23,create,2026-09-22 01:13:30
41,41,,1,23,create,2026-09-22 01:13:30
42,42,,1,23,create,2026-09-22 01:13:30
43,43,,1,23,create,2026-09-22 01:13:30
44,44,,1,23,create,2026-09-22 01:13:30
45,45,,1,23,create,2026-09-22 01:13:30
46,46,,1,23,create,2026-09-22 01:13:30
47,47,,1,23,create,2026-09-22 01:13:30
48,48,,1,23,create,2026-09-22 01:13:30
49,49,,1,23,create,2026-09-22 01:13:30
50,50,,1,23,create,2026-09-24 14:10:59
51,51,,1,23,create,2026-09-24 14:10:59
52,52,,6,28,create,2026-09-24 16:06:21
53,53,,6,28,create,2026-09-24 16:06:21
54,54,,7,28,create,2026-09-24 16:06:21
55,55,,6,28,create,2026-09-24 16:06:21
56,56,,6,28,create,2026-09-24 16:06:21
57,57,,7,28,create,2026-09-24 16:06:21
58,58,,8,28,create,2026-09-24 16:06:21
59,59,,8,28,create,2026-09-24 16:06:21
60,60,,8,28,create,2026-09-24 16:06:21
61,61,,7,28,create,2026-09-24 16:06:21
62,62,,8,28,create,2026-09-24 16:06:21
63,63,,8,28,create,2026-09-24 16:06:21
64,64,,8,28,create,2026-09-24 16:06:21
65,65,,8,28,create,2026-09-24 16:06:21
66,66,,8,28,create,2026-09-24 16:06:21
67,67,,8,28,create,2026-09-24 16:06:21
68,68,,7,28,create,2026-09-24 16:06:21
69,69,,8,28,create,2026-09-24 16:06:21
70,70,,8,28,create,2026-09-24 16:06:21
71,71,,8,28,create,2026-09-24 16:06:21
72,72,,7,28,create,2026-09-24 16:06:21
73,73,,7,28,create,2026-09-24 16:06:21
74,74,,7,28,create,2026-09-24 16:06:21
75,75,,7,28,create,2026-09-24 16:06:21
76,76,,7,28,create,2026-09-24 16:06:21
77,77,,7,28,create,2026-09-24 16:06:21
78,78,,7,28,create,2026-09-24 16:06:21
79,79,,7,28,create,2026-09-24 16:06:21
80,80,,7,28,create,2026-09-24 16:06:21
81,81,,7,28,create,2026-09-24 16:06:21
82,82,,7,28,create,2026-09-24 16:06:21
83,83,,7,28,create,2026-09-24 16:06:21
84,84,,7,28,create,2026-09-24 16:06:21
85,85,,7,28,create,2026-09-24 16:06:21
86,86,,6,28,create,2026-09-24 16:06:21
87,87,,6,28,create,2026-09-24 16:06:21
88,88,,9,28,create,2026-09-24 16:06:21
89,89,,7,28,create,2026-09-24 16:06:21
90,90,,7,28,create,2026-09-24 16:06:21
91,91,,7,28,create,2026-09-24 16:06:21
92,92,,6,28,create,2026-09-24 16:06:21
93,93,,6,28,create,2026-09-24 16:06:21
94,94,,6,28,create,2026-09-24 16:06:21
95,95,,6,28,create,2026-09-24 16:06:21
96,96,,6,28,create,2026-09-24 16:06:21
97,97,,6,28,create,2026-09-24 16:06:21
98,98,,6,28,create,2026-09-24 16:06:21
99,99,,6,28,create,2026-09-24 16:06:21
100,100,,7,28,create,2026-09-24 16:06:21
101,101,,7,28,create,2026-09-24 16:06:21
102,102,,7,28,create,2026-09-24 16:06:21
103,103,,6,28,create,2026-09-24 16:06:21
104,104,,6,28,create,2026-09-24 16:06:21
105,105,,6,28,create,2026-09-24 16:06:21
106,106,,6,28,create,2026-09-24 16:06:21
107,107,,6,28,create,2026-09-24 16:06:21
108,108,,10,28,create,2026-09-24 16:06:21
109,109,,7,28,create,2026-09-24 16:06:21
110,110,,7,28,create,2026-09-24 16:06:21
111,111,,7,28,create,2026-09-24 16:06:21
112,112,,6,28,create,2026-09-24 16:06:21
113,113,,11,28,create,2026-09-24 16:06:21
114,114,,11,28,create,2026-09-24 16:06:21
115,115,,11,28,create,2026-09-24 16:06:21
116,116,,7,28,create,2026-09-24 16:06:21
117,117,,12,28,create,2026-09-24 16:06:21
118,118,,7,28,create,2026-09-24 16:06:21
119,119,,6,28,create,2026-09-24 16:06:21
120,120,,7,28,create,2026-09-24 16:06:21
121,121,,7,28,create,2026-09-24 16:06:21
122,122,,7,28,create,2026-09-24 16:06:21
123,123,,7,28,create,2026-09-24 16:06:21
124,124,,12,28,create,2026-09-24 16:06:21
125,129,,10,28,create,2026-09-24 16:06:21
126,130,,7,28,create,2026-09-24 16:06:21
127,131,,7,28,create,2026-09-24 16:06:21
128,132,,7,28,create,2026-09-24 16:06:21
129,133,,7,28,create,2026-09-24 16:06:21
130,134,,6,28,create,2026-09-24 16:06:21
131,135,,6,28,create,2026-09-24 16:06:21
132,136,,6,28,create,2026-09-24 16:06:21
133,137,,6,28,create,2026-09-24 16:06:21
134,138,,6,28,create,2026-09-24 16:06:21
135,139,,6,28,create,2026-09-24 16:06:21
136,140,,6,28,create,2026-09-24 16:06:21
137,141,,6,28,create,2026-09-24 16:06:21
138,142,,6,28,create,2026-09-24 16:06:21
139,143,,13,28,create,2026-09-24 16:06:21
140,144,,13,28,create,2026-09-24 16:06:21
141,145,,13,28,create,2026-09-24 16:06:21
142,146,,13,28,create,2026-09-24 16:06:21
143,147,,6,28,create,2026-09-24 16:06:21
144,148,,6,28,create,2026-09-24 16:06:21
145,149,,7,28,create,2026-09-24 16:06:21
146,150,,11,28,create,2026-09-24 16:06:21
147,151,,6,28,create,2026-09-24 16:06:21
148,152,,6,28,create,2026-09-24 16:06:21
149,153,,6,28,create,2026-09-24 16:06:21
150,154,,6,28,create,2026-09-24 16:06:21
151,155,,7,28,create,2026-09-24 16:06:21
152,156,,6,28,create,2026-09-24 16:06:21
153,157,,6,28,create,2026-09-24 16:06:21
154,158,,6,28,create,2026-09-24 16:06:21
155,159,,11,28,create,2026-09-24 16:06:21
156,160,,11,28,create,2026-09-24 16:06:21
157,161,,11,28,create,2026-09-24 16:06:21
158,162,,11,28,create,2026-09-24 16:06:21
159,163,,11,28,create,2026-09-24 16:06:21
160,164,,11,28,create,2026-09-24 16:06:21
161,165,,7,28,create,2026-09-24 16:06:21
162,166,,7,28,create,2026-09-24 16:06:21
163,167,,11,28,create,2026-09-24 16:06:21
164,168,,11,28,create,2026-09-24 16:06:21
165,169,,11,28,create,2026-09-24 16:06:21
166,170,,11,28,create,2026-09-24 16:06:21
167,171,,7,28,create,2026-09-24 16:06:21
168,172,,14,28,create,2026-09-24 16:06:21
169,173,,14,28,create,2026-09-24 16:06:21
170,174,,14,28,create,2026-09-24 16:06:21
171,175,,14,28,create,2026-09-24 16:06:21
172,176,,14,28,create,2026-09-24 16:06:21
173,177,,11,28,create,2026-09-24 16:06:21
174,178,,11,28,create,2026-09-24 16:06:21
175,179,,11,28,create,2026-09-24 16:06:21
176,180,,15,25,create,2026-09-24 20:05:24
177,181,,16,25,create,2026-09-24 20:05:24
178,182,,17,25,create,2026-09-24 20:05:24
179,183,,17,25,create,2026-09-24 20:05:24
180,184,,10,25,create,2026-09-24 20:05:24
181,185,,18,25,create,2026-09-24 20:05:24
182,186,,18,25,create,2026-09-24 20:05:24
183,187,,19,25,create,2026-09-24 20:05:24
184,188,,18,25,create,2026-09-24 20:05:24
185,189,,17,25,create,2026-09-24 20:05:24
186,190,,17,25,create,2026-09-24 20:05:24
187,191,,17,25,create,2026-09-24 20:05:24
188,192,,10,25,create,2026-09-24 20:05:24
189,193,,10,25,create,2026-09-24 20:05:24
190,194,,10,25,create,2026-09-24 20:05:24
191,195,,10,25,create,2026-09-24 20:05:24
192,196,,17,25,create,2026-09-24 20:05:24
193,197,,20,25,create,2026-09-24 20:05:24
194,198,,17,25,create,2026-09-24 20:05:24
195,199,,9,25,create,2026-09-24 20:05:24
196,200,,9,25,create,2026-09-24 20:05:24
197,201,,17,25,create,2026-09-24 20:05:24
198,202,,21,25,create,2026-09-24 20:05:24
199,203,,22,25,create,2026-09-24 20:05:24
200,204,,22,25,create,2026-09-24 20:05:24
201,205,,18,25,create,2026-09-24 20:05:24
202,206,,18,25,create,2026-09-24 20:05:24
203,207,,10,25,create,2026-09-24 20:05:24
204,208,,9,25,create,2026-09-24 20:05:24
205,209,,23,25,create,2026-09-24 20:05:24
206,210,,10,25,create,2026-09-24 20:05:24
207,211,,10,25,create,2026-09-24 20:05:24
208,212,,17,25,create,2026-09-24 20:05:24
209,213,,17,25,create,2026-09-24 20:05:24
210,214,,17,25,create,2026-09-24 20:05:24
211,215,,23,25,create,2026-09-24 20:05:24
212,216,,23,25,create,2026-09-24 20:05:24
213,217,,23,25,create,2026-09-24 20:05:24
214,218,,10,25,create,2026-09-24 20:05:24
215,219,,16,25,create,2026-09-24 20:05:24
216,220,,16,25,create,2026-09-24 20:05:24
217,221,,10,25,create,2026-09-24 20:05:24
218,222,,10,25,create,2026-09-24 20:05:24
219,223,,10,25,create,2026-09-24 20:05:24
220,224,,10,25,create,2026-09-24 20:05:24
221,225,,24,31,create,2026-09-25 02:12:56
222,226,,24,31,create,2026-09-25 02:12:56
223,227,,24,31,create,2026-09-25 02:12:56
224,228,,24,31,create,2026-09-25 02:12:56
225,229,,24,31,create,2026-09-25 02:12:56
226,230,,24,31,create,2026-09-25 02:12:56
227,231,,24,31,create,2026-09-25 02:12:56
228,232,,24,31,create,2026-09-25 02:12:56
229,233,,24,31,create,2026-09-25 02:12:56
230,234,,24,31,create,2026-09-25 02:12:56
231,235,,24,31,create,2026-09-25 02:12:56
232,236,,25,31,create,2026-09-25 02:12:56
233,237,,25,31,create,2026-09-25 02:12:56
234,238,,26,31,create,2026-09-25 02:12:56
235,239,,25,31,create,2026-09-25 02:12:56
236,240,,25,31,create,2026-09-25 02:12:56
237,241,,26,31,create,2026-09-25 02:12:56
238,242,,19,31,create,2026-09-25 02:12:56
239,243,,24,31,create,2026-09-25 02:12:56
240,244,,24,31,create,2026-09-25 02:12:56
241,245,,24,31,create,2026-09-25 02:12:56
242,246,,24,31,create,2026-09-25 02:12:56
243,247,,24,31,create,2026-09-25 02:12:56
244,248,,27,31,create,2026-09-25 02:12:56
245,249,,27,31,create,2026-09-25 02:12:56
246,250,,27,31,create,2026-09-25 02:12:56
247,251,,24,31,create,2026-09-25 02:12:56
248,252,,27,31,create,2026-09-25 02:12:56
249,253,,28,31,create,2026-09-25 02:12:56
250,254,,28,31,create,2026-09-25 02:12:56
251,255,,28,31,create,2026-09-25 02:12:56
252,256,,29,31,create,2026-09-25 02:12:56
253,257,,29,31,create,2026-09-25 02:12:56
254,258,,28,31,create,2026-09-25 02:12:56
255,259,,28,31,create,2026-09-25 02:12:56
256,260,,28,31,create,2026-09-25 02:12:56
257,261,,28,31,create,2026-09-25 02:12:56
258,262,,28,31,create,2026-09-25 02:12:56
259,263,,30,31,create,2026-09-25 02:12:56
260,264,,29,31,create,2026-09-25 02:12:56
261,265,,28,31,create,2026-09-25 02:12:56
262,266,,30,31,create,2026-09-25 02:12:56
263,267,,28,31,create,2026-09-25 02:12:56
264,268,,28,31,create,2026-09-25 02:12:56
265,269,,31,31,create,2026-09-25 02:12:56
266,270,,31,31,create,2026-09-25 02:12:56
267,271,,32,31,create,2026-09-25 02:12:56
268,272,,33,31,create,2026-09-25 02:12:56
269,273,,32,31,create,2026-09-25 02:12:56
270,274,,32,31,create,2026-09-25 02:12:56
271,275,,32,31,create,2026-09-25 02:12:56
272,276,,32,31,create,2026-09-25 02:12:56
273,277,,34,31,create,2026-09-25 02:12:56
274,278,,34,31,create,2026-09-25 02:12:56
275,279,,29,31,create,2026-09-25 02:12:56
276,280,,33,31,create,2026-09-25 02:12:56
277,281,,33,31,create,2026-09-25 02:12:56
278,282,,33,31,create,2026-09-25 02:12:56
279,283,,34,31,create,2026-09-25 02:12:56
280,288,,35,31,create,2026-09-25 02:12:56
281,289,,35,31,create,2026-09-25 02:12:56
282,290,,1,31,create,2026-09-25 02:12:56
283,291,,30,31,create,2026-09-25 02:12:56
284,292,,10,31,create,2026-09-25 02:12:56
285,293,,34,31,create,2026-09-25 02:12:56
286,294,,34,31,create,2026-09-25 02:12:56
287,295,,34,31,create,2026-09-25 02:12:56
288,296,,30,31,create,2026-09-25 02:12:56
289,297,,34,31,create,2026-09-25 02:12:56
290,298,,35,31,create,2026-09-25 02:12:56
291,299,,29,31,create,2026-09-25 02:12:56
292,300,,29,31,create,2026-09-25 02:12:56
293,301,,35,31,create,2026-09-25 02:12:56
294,302,,29,31,create,2026-09-25 02:12:56
295,303,,29,31,create,2026-09-25 02:12:56
296,304,,31,31,create,2026-09-25 02:12:56
297,305,,31,31,create,2026-09-25 02:12:56
298,306,,33,31,create,2026-09-25 02:12:56
299,307,,33,31,create,2026-09-25 02:12:56
300,308,,33,31,create,2026-09-25 02:12:56
301,309,,36,31,create,2026-09-25 02:12:56
302,310,,36,31,create,2026-09-25 02:12:56
303,311,,36,31,create,2026-09-25 02:12:56
304,312,,36,31,create,2026-09-25 02:12:56
305,313,,29,31,create,2026-09-25 02:12:56
306,314,,34,31,create,2026-09-25 02:12:56
307,315,,32,31,create,2026-09-25 02:12:56
308,316,,29,31,create,2026-09-25 02:12:56
309,317,,33,31,create,2026-09-25 02:12:56
310,318,,33,31,create,2026-09-25 02:12:56
311,319,,33,31,create,2026-09-25 02:12:56
312,320,,36,31,create,2026-09-25 02:12:56
313,321,,36,31,create,2026-09-25 02:12:56
314,322,,36,31,create,2026-09-25 02:12:56
315,323,,36,31,create,2026-09-25 02:12:56
316,324,,32,31,create,2026-09-25 02:12:56
317,325,,32,31,create,2026-09-25 02:12:56
318,326,,36,31,create,2026-09-25 02:12:56
319,327,,36,31,create,2026-09-25 02:12:56
320,328,,36,31,create,2026-09-25 02:12:56
321,329,,36,31,create,2026-09-25 02:12:56
322,330,,28,31,create,2026-09-25 02:12:56
323,331,,30,31,create,2026-09-25 02:12:56
324,332,,30,31,create,2026-09-25 02:12:56
325,333,,28,31,create,2026-09-25 02:12:56
326,334,,30,31,create,2026-09-25 02:12:56
327,335,,30,31,create,2026-09-25 02:12:56
328,336,,29,31,create,2026-09-25 02:12:56
329,337,,30,31,create,2026-09-25 02:12:56
330,338,,28,31,create,2026-09-25 02:12:56
331,339,,28,31,create,2026-09-25 02:12:56
332,340,,33,31,create,2026-09-25 02:12:56
333,341,,33,31,create,2026-09-25 02:12:56
334,342,,33,31,create,2026-09-25 02:12:56
335,343,,30,31,create,2026-09-25 02:12:56
336,344,,37,31,create,2026-09-25 02:12:56
337,345,,36,31,create,2026-09-25 02:12:56
338,346,,36,31,create,2026-09-25 02:12:56
339,347,,35,31,create,2026-09-25 02:12:56
340,348,,35,31,create,2026-09-25 02:12:56
341,349,,35,31,create,2026-09-25 02:12:56
342,350,,35,31,create,2026-09-25 02:12:56
343,351,,33,31,create,2026-09-25 02:12:56
344,352,,33,31,create,2026-09-25 02:12:56
345,353,,33,31,create,2026-09-25 02:12:56
346,354,,3,23,create,2026-09-27 15:05:42
347,355,,3,23,create,2026-09-27 15:05:42
348,356,,3,23,create,2026-09-27 15:05:42
349,357,,38,30,create,2026-09-30 20:51:42
350,358,,39,30,create,2026-09-30 20:51:42
351,359,,40,30,create,2026-09-30 20:51:42
352,360,,40,30,create,2026-09-30 20:51:42
353,361,,39,30,create,2026-09-30 20:51:42
354,362,,39,30,create,2026-09-30 20:51:42
355,363,,40,30,create,2026-09-30 20:51:42
356,365,,40,30,create,2026-09-30 20:51:42
357,366,,41,30,create,2026-09-30 20:51:42
358,367,,41,30,create,2026-09-30 20:51:42
359,368,,41,30,create,2026-09-30 20:51:42
360,369,,41,30,create,2026-09-30 20:51:42
361,370,,41,30,create,2026-09-30 20:51:42
362,371,,41,30,create,2026-09-30 20:51:42
363,372,,42,30,create,2026-09-30 20:51:42
364,373,,42,30,create,2026-09-30 20:51:42
365,374,,42,30,create,2026-09-30 20:51:42
366,375,,41,30,create,2026-09-30 20:51:42
367,376,,40,30,create,2026-09-30 20:51:42
368,377,,42,30,create,2026-09-30 20:51:42
369,378,,42,30,create,2026-09-30 20:51:42
370,379,,1,30,create,2026-09-30 20:51:42
371,380,,1,30,create,2026-09-30 20:51:42
372,381,,42,30,create,2026-09-30 20:51:42
373,382,,17,30,create,2026-09-30 20:51:42
374,383,,41,30,create,2026-09-30 20:51:42
375,384,,41,30,create,2026-09-30 20:51:42
376,385,,41,30,create,2026-09-30 20:51:42
377,386,,41,30,create,2026-09-30 20:51:42
378,387,,40,30,create,2026-09-30 20:51:42
379,388,,40,30,create,2026-09-30 20:51:42
380,389,,41,30,create,2026-09-30 20:51:42
381,390,,43,30,create,2026-09-30 20:51:42
382,391,,42,30,create,2026-09-30 20:51:42
383,392,,42,30,create,2026-09-30 20:51:42
384,393,,43,30,create,2026-09-30 20:51:42
385,394,,44,30,create,2026-09-30 20:51:42
386,395,,44,30,create,2026-09-30 20:51:42
387,396,,45,30,create,2026-09-30 20:51:42
388,397,,45,30,create,2026-09-30 20:51:42
389,398,,43,30,create,2026-09-30 20:51:42
390,399,,46,30,create,2026-09-30 20:51:42
391,400,,46,30,create,2026-09-30 20:51:42
392,403,,44,30,create,2026-09-30 20:51:42
393,404,,10,30,create,2026-09-30 20:51:42
394,405,,45,30,create,2026-09-30 20:51:42
395,406,,45,30,create,2026-09-30 20:51:42
396,407,,45,30,create,2026-09-30 20:51:42
397,408,,45,30,create,2026-09-30 20:51:42
398,409,,44,30,create,2026-09-30 20:51:42
399,410,,44,30,create,2026-09-30 20:51:42
400,411,,41,30,create,2026-09-30 20:51:42
401,412,,42,30,create,2026-09-30 20:51:42
402,413,,44,30,create,2026-09-30 20:51:42
403,414,,42,30,create,2026-09-30 20:51:42
404,415,,45,30,create,2026-09-30 20:51:42
405,416,,45,30,create,2026-09-30 20:51:42
406,417,,43,30,create,2026-09-30 20:51:42
407,418,,43,30,create,2026-09-30 20:51:42
408,419,,45,30,create,2026-09-30 20:51:42
409,420,,44,30,create,2026-09-30 20:51:42
410,421,,42,30,create,2026-09-30 20:51:42
411,422,,42,30,create,2026-09-30 20:51:42
412,423,,42,30,create,2026-09-30 20:51:42
413,424,,42,30,create,2026-09-30 20:51:42
414,425,,43,30,create,2026-09-30 20:51:42
415,426,,42,30,create,2026-09-30 20:51:42
416,427,,41,30,create,2026-09-30 20:51:42
417,428,,47,30,create,2026-09-30 20:51:42
418,429,,45,30,create,2026-09-30 20:51:42
419,430,,45,30,create,2026-09-30 20:51:42
420,431,,45,30,create,2026-09-30 20:51:42
421,432,,44,30,create,2026-09-30 20:51:42
422,433,,41,30,create,2026-09-30 20:51:42
423,434,,44,30,create,2026-09-30 20:51:42
424,435,,41,30,create,2026-09-30 20:51:42
425,436,,48,30,create,2026-09-30 20:51:42
426,437,,48,30,create,2026-09-30 20:51:42
427,438,,42,30,create,2026-09-30 20:51:42
428,439,,41,30,create,2026-09-30 20:51:42
429,440,,41,30,create,2026-09-30 20:51:42
430,441,,46,30,create,2026-09-30 20:51:42
431,442,,46,30,create,2026-09-30 20:51:42
432,443,,42,30,create,2026-09-30 20:51:42
433,444,,42,30,create,2026-09-30 20:51:42
434,445,,41,30,create,2026-09-30 20:51:42
435,446,,48,30,create,2026-09-30 20:51:42
436,447,,42,30,create,2026-09-30 20:51:42
437,448,,46,30,create,2026-09-30 20:51:42
438,449,,48,30,create,2026-09-30 20:51:42
439,450,,42,30,create,2026-09-30 20:51:42
440,451,,42,30,create,2026-09-30 20:51:42
441,452,,42,30,create,2026-09-30 20:51:42
442,453,,48,30,create,2026-09-30 20:51:42
443,454,,42,30,create,2026-09-30 20:51:42
444,455,,42,30,create,2026-09-30 20:51:42
445,456,,48,30,create,2026-09-30 20:51:42
446,457,,48,30,create,2026-09-30 20:51:42
447,458,,46,30,create,2026-09-30 20:51:42
448,459,,46,30,create,2026-09-30 20:51:42
449,460,,48,30,create,2026-09-30 20:51:42
450,461,,48,30,create,2026-09-30 20:51:42
451,462,,48,30,create,2026-09-30 20:51:42
452,463,,48,30,create,2026-09-30 20:51:42
453,464,,49,30,create,2026-09-30 20:51:42
454,465,,49,30,create,2026-09-30 20:51:42
455,466,,49,30,create,2026-09-30 20:51:42
456,467,,49,30,create,2026-09-30 20:51:42
457,468,,49,30,create,2026-09-30 20:51:42
458,469,,48,30,create,2026-09-30 20:51:42
459,470,,48,30,create,2026-09-30 20:51:42
460,471,,48,30,create,2026-09-30 20:51:42
461,472,,48,30,create,2026-09-30 20:51:42
462,473,,48,30,create,2026-09-30 20:51:42
463,474,,48,30,create,2026-09-30 20:51:42
464,475,,48,30,create,2026-09-30 20:51:42
465,476,,48,30,create,2026-09-30 20:51:42
466,477,,48,30,create,2026-09-30 20:51:42
467,478,,42,30,create,2026-09-30 20:51:42
468,479,,42,30,create,2026-09-30 20:51:42
469,480,,42,30,create,2026-09-30 20:51:42
470,481,,42,30,create,2026-09-30 20:51:42
471,482,,48,30,create,2026-09-30 20:51:42
472,483,,46,30,create,2026-09-30 20:51:42
473,484,,46,30,create,2026-09-30 20:51:42
474,485,,46,30,create,2026-09-30 20:51:42
475,486,,46,30,create,2026-09-30 20:51:42
476,487,,46,30,create,2026-09-30 20:51:42
477,488,,43,30,create,2026-09-30 20:51:42
478,489,,43,30,create,2026-09-30 20:51:42
479,490,,43,30,create,2026-09-30 20:51:42
480,491,,43,30,create,2026-09-30 20:51:42
481,492,,43,30,create,2026-09-30 20:51:42
482,493,,48,30,create,2026-09-30 20:51:42
483,494,,48,30,create,2026-09-30 20:51:42
484,495,,48,30,create,2026-09-30 20:51:42
485,496,,48,30,create,2026-09-30 20:51:42
486,497,,48,30,create,2026-09-30 20:51:42
487,498,,48,30,create,2026-09-30 20:51:42
488,499,,48,30,create,2026-09-30 20:51:42
489,500,,42,30,create,2026-09-30 20:51:42
490,501,,42,30,create,2026-09-30 20:51:42
491,502,,42,30,create,2026-09-30 20:51:42
492,503,,42,30,create,2026-09-30 20:51:42
493,504,,42,30,create,2026-09-30 20:51:42
494,505,,48,30,create,2026-09-30 20:51:42
495,506,,48,30,create,2026-09-30 20:51:42
496,507,,48,30,create,2026-09-30 20:51:42
497,508,,42,30,create,2026-09-30 20:51:42
498,509,,1,23,create,2026-10-04 03:46:52
499,510,,1,23,create,2026-10-04 03:46:52
500,511,,1,23,create,2026-10-04 03:46:52
501,512,,1,23,create,2026-10-04 03:46:52
502,515,,1,26,create,2026-10-06 18:55:31
503,518,,1,26,create,2026-10-06 18:55:31
504,519,,1,26,create,2026-10-06 18:55:31
505,523,,1,26,create,2026-10-06 18:55:31
506,524,,1,26,create,2026-10-06 18:55:31
507,525,,1,26,create,2026-10-06 18:55:31
508,528,,4,26,create,2026-10-06 18:55:31
509,530,,10,26,create,2026-10-06 18:55:31
510,531,,1,26,create,2026-10-06 18:55:31
511,532,,1,26,create,2026-10-06 18:55:31
512,533,,1,26,create,2026-10-06 18:55:31
513,534,,10,26,create,2026-10-06 18:55:31
514,535,,10,26,create,2026-10-06 18:55:31
515,536,,10,26,create,2026-10-06 18:55:31
516,537,,39,26,create,2026-10-06 18:55:31
517,538,,39,26,create,2026-10-06 18:55:31
518,539,,26,26,create,2026-10-06 18:55:31
519,540,,26,26,create,2026-10-06 18:55:31
520,542,,1,26,create,2026-10-06 18:55:31
521,543,,27,26,create,2026-10-06 18:55:31
522,544,,40,26,create,2026-10-06 18:55:31
523,549,,38,26,create,2026-10-06 18:55:31
524,550,,38,26,create,2026-10-06 18:55:31
525,551,,24,26,create,2026-10-06 18:55:31
526,552,,24,26,create,2026-10-06 18:55:31
527,559,,40,26,create,2026-10-06 18:55:31
528,560,,27,26,create,2026-10-06 18:55:31
529,566,,39,26,create,2026-10-06 18:55:31
530,568,,3,26,create,2026-10-06 18:55:31
531,569,,3,26,create,2026-10-06 18:55:31
532,575,,5,26,create,2026-10-06 18:55:31
533,577,,3,26,create,2026-10-06 18:55:31
534,578,,3,26,create,2026-10-06 18:55:31
535,579,,3,26,create,2026-10-06 18:55:31
536,582,,16,26,create,2026-10-06 18:55:31
537,583,,16,26,create,2026-10-06 18:55:31
538,584,,16,26,create,2026-10-06 18:55:31
539,585,,40,26,create,2026-10-06 18:55:31
540,586,,25,26,create,2026-10-06 18:55:31
541,587,,19,26,create,2026-10-06 18:55:31
542,593,,7,26,create,2026-10-06 18:55:31
543,594,,16,26,create,2026-10-06 18:55:31
544,595,,16,26,create,2026-10-06 18:55:31
545,596,,5,26,create,2026-10-06 18:55:31
546,597,,5,26,create,2026-10-06 18:55:31
547,598,,5,26,create,2026-10-06 18:55:31
548,599,,7,26,create,2026-10-06 18:55:31
549,600,,7,26,create,2026-10-06 18:55:31
550,601,,7,26,create,2026-10-06 18:55:31
551,602,,5,26,create,2026-10-06 18:55:31
552,603,,5,26,create,2026-10-06 18:55:31
553,604,,5,26,create,2026-10-06 18:55:31
554,605,,5,26,create,2026-10-06 18:55:31
555,607,,16,26,create,2026-10-06 18:55:31
556,608,,16,26,create,2026-10-06 18:55:31
557,609,,16,26,create,2026-10-06 18:55:31
558,610,,40,26,create,2026-10-06 18:55:31
559,611,,40,26,create,2026-10-06 18:55:31
560,612,,5,26,create,2026-10-06 18:55:31
561,613,,5,26,create,2026-10-06 18:55:31
562,614,,16,26,create,2026-10-06 18:55:31
563,615,,16,26,create,2026-10-06 18:55:31
564,618,,27,26,create,2026-10-06 18:55:31
565,623,,6,26,create,2026-10-06 18:55:31
566,624,,40,26,create,2026-10-06 18:55:31
567,633,,6,26,create,2026-10-06 18:55:31
568,635,,40,26,create,2026-10-06 18:55:31
569,636,,1,26,create,2026-10-06 18:55:31
570,637,,1,26,create,2026-10-06 18:55:31
571,643,,5,26,create,2026-10-06 18:55:31
572,644,,5,26,create,2026-10-06 18:55:31
573,645,,24,26,create,2026-10-06 18:55:31
574,646,,7,26,create,2026-10-06 18:55:31
575,647,,40,26,create,2026-10-06 18:55:31
576,649,,19,26,create,2026-10-06 18:55:31
577,650,,26,26,create,2026-10-06 18:55:31
578,654,,24,26,create,2026-10-06 18:55:31
579,655,,40,26,create,2026-10-06 18:55:31
580,656,,19,26,create,2026-10-06 18:55:31
581,657,,19,26,create,2026-10-06 18:55:31
582,659,,6,26,create,2026-10-06 18:55:31
583,661,,39,26,create,2026-10-06 18:55:31
584,662,,39,26,create,2026-10-06 18:55:31
585,669,,24,26,create,2026-10-06 18:55:31
586,670,,24,26,create,2026-10-06 18:55:31
587,671,,24,26,create,2026-10-06 18:55:31
588,672,,24,26,create,2026-10-06 18:55:31
589,673,,6,26,create,2026-10-06 18:55:31
590,679,,39,26,create,2026-10-06 18:55:31
591,680,,39,26,create,2026-10-06 18:55:31
592,681,,38,26,create,2026-10-06 18:55:31
593,682,,38,26,create,2026-10-06 18:55:31
594,689,,40,26,create,2026-10-06 18:55:31
595,690,,1,26,create,2026-10-06 18:55:31
596,693,,6,26,create,2026-10-06 18:55:31
597,698,,6,26,create,2026-10-06 18:55:31
598,700,,25,26,create,2026-10-06 18:55:31
599,701,,2,26,create,2026-10-06 18:55:31
600,704,,40,26,create,2026-10-06 18:55:31
601,705,,7,26,create,2026-10-06 18:55:31
602,707,,40,26,create,2026-10-06 18:55:31
603,708,,40,26,create,2026-10-06 18:55:31
604,712,,1,26,create,2026-10-06 18:55:31
605,715,,1,26,create,2026-10-06 18:55:31
606,716,,1,26,create,2026-10-06 18:55:31
607,720,,1,26,create,2026-10-06 18:55:31
608,723,,6,26,create,2026-10-06 18:55:31
609,726,,6,26,create,2026-10-06 18:55:31
610,729,,38,26,create,2026-10-06 18:55:31
611,730,,6,26,create,2026-10-06 18:55:31
612,740,,26,26,create,2026-10-06 18:55:31
613,744,,6,26,create,2026-10-06 18:55:31
614,745,,26,26,create,2026-10-06 18:55:31
615,746,,38,26,create,2026-10-06 18:55:31
616,750,,6,26,create,2026-10-06 18:55:31
617,751,,3,26,create,2026-10-06 18:55:31
618,752,,18,26,create,2026-10-06 18:55:31
619,753,,4,26,create,2026-10-06 18:55:31
620,754,,24,26,create,2026-10-06 18:55:31
621,755,,24,26,create,2026-10-06 18:55:31
622,756,,24,26,create,2026-10-06 18:55:31
623,757,,4,26,create,2026-10-06 18:55:31
624,758,,19,26,create,2026-10-06 18:55:31
625,759,,16,26,create,2026-10-06 18:55:31
626,763,,26,26,create,2026-10-06 18:55:31
627,765,,6,26,create,2026-10-06 18:55:31
628,766,,3,26,create,2026-10-06 18:55:31
629,767,,3,26,create,2026-10-06 18:55:31
630,768,,18,26,create,2026-10-06 18:55:31
631,769,,18,26,create,2026-10-06 18:55:31
632,770,,18,26,create,2026-10-06 18:55:31
633,771,,3,26,create,2026-10-06 18:55:31
634,772,,3,26,create,2026-10-06 18:55:31
635,773,,6,26,create,2026-10-06 18:55:31
636,774,,38,26,create,2026-10-06 18:55:31
637,775,,38,26,create,2026-10-06 18:55:31
638,776,,19,26,create,2026-10-06 18:55:31
639,777,,38,26,create,2026-10-06 18:55:31
640,780,,4,26,create,2026-10-06 18:55:31
641,781,,6,26,create,2026-10-06 18:55:31
642,782,,38,26,create,2026-10-06 18:55:31
643,783,,4,26,create,2026-10-06 18:55:31
644,784,,38,26,create,2026-10-06 18:55:31
645,785,,38,26,create,2026-10-06 18:55:31
646,789,,6,26,create,2026-10-06 18:55:31
647,790,,6,26,create,2026-10-06 18:55:31
648,791,,6,26,create,2026-10-06 18:55:31
649,792,,6,26,create,2026-10-06 18:55:31
650,793,,6,26,create,2026-10-06 18:55:31
651,797,,38,26,create,2026-10-06 18:55:31
652,799,,4,26,create,2026-10-06 18:55:31
653,800,,25,26,create,2026-10-06 18:55:31
654,801,,18,26,create,2026-10-06 18:55:31
655,802,,2,26,create,2026-10-06 18:55:31
656,803,,40,26,create,2026-10-06 18:55:31
657,819,,6,26,create,2026-10-06 18:55:31
658,820,,6,26,create,2026-10-06 18:55:31
659,821,,6,26,create,2026-10-06 18:55:31
660,822,,39,26,create,2026-10-06 18:55:31
661,823,,39,26,create,2026-10-06 18:55:31
662,824,,39,26,create,2026-10-06 18:55:31
663,828,,24,26,create,2026-10-06 18:55:31
664,829,,24,26,create,2026-10-06 18:55:31
665,832,,2,26,create,2026-10-06 18:55:31
666,833,,2,26,create,2026-10-06 18:55:31
667,834,,1,26,create,2026-10-06 18:55:31
668,835,,30,26,create,2026-10-06 18:55:31
669,836,,25,26,create,2026-10-06 18:55:31
670,837,,25,26,create,2026-10-06 18:55:31
671,838,,4,26,create,2026-10-06 18:55:31
672,839,,4,26,create,2026-10-06 18:55:31
673,840,,40,26,create,2026-10-06 18:55:31
674,841,,40,26,create,2026-10-06 18:55:31
675,854,,25,26,create,2026-10-06 18:55:31
676,855,,3,26,create,2026-10-06 18:55:31
677,856,,7,26,create,2026-10-06 18:55:31
678,857,,2,26,create,2026-10-06 18:55:31
679,858,,7,26,create,2026-10-06 18:55:31
680,859,,2,26,create,2026-10-06 18:55:31
681,860,,4,26,create,2026-10-06 18:55:31
682,861,,4,26,create,2026-10-06 18:55:31
683,862,,18,26,create,2026-10-06 18:55:31
684,863,,2,26,create,2026-10-06 18:55:31
685,864,,5,26,create,2026-10-06 18:55:31
686,865,,40,26,create,2026-10-06 18:55:31
687,866,,7,26,create,2026-10-06 18:55:31
688,867,,24,26,create,2026-10-06 18:55:31
689,871,,24,26,create,2026-10-06 18:55:31
690,872,,39,26,create,2026-10-06 18:55:31
691,874,,10,26,create,2026-10-06 18:55:31
692,875,,39,26,create,2026-10-06 18:55:31
693,876,,4,26,create,2026-10-06 18:55:31
694,877,,24,26,create,2026-10-06 18:55:31
695,878,,6,26,create,2026-10-06 18:55:31
696,879,,18,26,create,2026-10-06 18:55:31
697,880,,2,26,create,2026-10-06 18:55:31
698,881,,3,26,create,2026-10-06 18:55:31
699,882,,7,26,create,2026-10-06 18:55:31
700,883,,3,26,create,2026-10-06 18:55:31
701,884,,3,26,create,2026-10-06 18:55:31
702,885,,40,26,create,2026-10-06 18:55:31
703,886,,40,26,create,2026-10-06 18:55:31
704,887,,40,26,create,2026-10-06 18:55:31
705,888,,40,26,create,2026-10-06 18:55:31
706,889,,40,26,create,2026-10-06 18:55:31
707,890,,3,26,create,2026-10-06 18:55:31
708,898,,5,26,create,2026-10-06 18:55:31
709,899,,3,26,create,2026-10-06 18:55:31
710,900,,2,26,create,2026-10-06 18:55:31
711,901,,2,26,create,2026-10-06 18:55:31
712,902,,7,26,create,2026-10-06 18:55:31
713,903,,7,26,create,2026-10-06 18:55:31
714,904,,1,26,create,2026-10-06 18:55:31
715,905,,1,26,create,2026-10-06 18:55:31
716,906,,1,26,create,2026-10-06 18:55:31
717,907,,6,26,create,2026-10-06 18:55:31
718,908,,7,26,create,2026-10-06 18:55:31
719,910,,2,26,create,2026-10-06 18:55:31
720,911,,2,26,create,2026-10-06 18:55:31
721,912,,2,26,create,2026-10-06 18:55:31
722,913,,2,26,create,2026-10-06 18:55:31
723,914,,2,26,create,2026-10-06 18:55:31
724,915,,1,26,create,2026-10-06 18:55:31
725,916,,2,26,create,2026-10-06 18:55:31
726,917,,15,26,create,2026-10-06 18:55:31
727,918,,40,26,create,2026-10-06 18:55:31
728,919,,2,26,create,2026-10-06 18:55:31
729,920,,2,26,create,2026-10-06 18:55:31
730,921,,40,26,create,2026-10-06 18:55:31
731,922,,7,26,create,2026-10-06 18:55:31
732,923,,19,26,create,2026-10-06 18:55:31
733,924,,18,26,create,2026-10-06 18:55:31
734,925,,2,26,create,2026-10-06 18:55:31
735,926,,2,26,create,2026-10-06 18:55:31
736,927,,2,26,create,2026-10-06 18:55:31
737,928,,2,26,create,2026-10-06 18:55:31
738,929,,4,26,create,2026-10-06 18:55:31
739,932,,17,26,create,2026-10-06 18:55:31
740,933,,39,26,create,2026-10-06 18:55:31
741,934,,6,26,create,2026-10-06 18:55:31
742,935,,6,26,create,2026-10-06 18:55:31
743,936,,24,26,create,2026-10-06 18:55:31
744,939,,1,26,create,2026-10-06 18:55:31
745,940,,10,26,create,2026-10-06 18:55:31
746,941,,3,26,create,2026-10-06 18:55:31
747,942,,18,26,create,2026-10-06 18:55:31
748,943,,6,26,create,2026-10-06 18:55:31
749,944,,25,26,create,2026-10-06 18:55:31
750,945,,2,26,create,2026-10-06 18:55:31
751,946,,2,26,create,2026-10-06 18:55:31
752,947,,39,26,create,2026-10-06 18:55:31
753,948,,25,26,create,2026-10-06 18:55:31
754,949,,25,26,create,2026-10-06 18:55:31
755,950,,3,26,create,2026-10-06 18:55:31
756,951,,2,26,create,2026-10-06 18:55:31
757,952,,3,26,create,2026-10-06 18:55:31
758,953,,2,26,create,2026-10-06 18:55:31
759,954,,18,26,create,2026-10-06 18:55:31
760,955,,2,26,create,2026-10-06 18:55:31
761,956,,7,26,create,2026-10-06 18:55:31
762,957,,7,26,create,2026-10-06 18:55:31
763,958,,3,26,create,2026-10-06 18:55:31
764,959,,2,26,create,2026-10-06 18:55:31
765,960,,1,26,create,2026-10-06 18:55:31
766,961,,1,26,create,2026-10-06 18:55:31
767,962,,18,26,create,2026-10-06 18:55:31
768,963,,18,26,create,2026-10-06 18:55:31
769,964,,1,26,create,2026-10-06 18:55:31
770,965,,18,26,create,2026-10-06 18:55:31
771,966,,18,26,create,2026-10-06 18:55:31
772,967,,18,26,create,2026-10-06 18:55:31
773,968,,1,26,create,2026-10-06 18:55:31
774,969,,1,26,create,2026-10-06 18:55:31
775,970,,18,26,create,2026-10-06 18:55:31
776,971,,18,26,create,2026-10-06 18:55:31
777,972,,2,26,create,2026-10-06 18:55:31
778,973,,2,26,create,2026-10-06 18:55:31
779,974,,19,26,create,2026-10-06 18:55:31
780,975,,2,26,create,2026-10-06 18:55:31
781,976,,7,26,create,2026-10-06 18:55:31
782,977,,40,26,create,2026-10-06 18:55:31
783,978,,2,26,create,2026-10-06 18:55:31
784,979,,2,26,create,2026-10-06 18:55:31
785,980,,40,26,create,2026-10-06 18:55:31
786,981,,26,26,create,2026-10-06 18:55:31
787,982,,6,26,create,2026-10-06 18:55:31
788,983,,6,26,create,2026-10-06 18:55:31
789,984,,7,26,create,2026-10-06 18:55:31
790,985,,3,26,create,2026-10-06 18:55:31
791,986,,18,26,create,2026-10-06 18:55:31
792,987,,18,26,create,2026-10-06 18:55:31
793,988,,2,26,create,2026-10-06 18:55:31
794,989,,25,26,create,2026-10-06 18:55:31
795,990,,25,26,create,2026-10-06 18:55:31
796,992,,7,26,create,2026-10-06 18:55:31
797,993,,7,26,create,2026-10-06 18:55:31
798,994,,7,26,create,2026-10-06 18:55:31
799,995,,7,26,create,2026-10-06 18:55:31
800,996,,7,26,create,2026-10-06 18:55:31
801,997,,7,26,create,2026-10-06 18:55:31
802,998,,7,26,create,2026-10-06 18:55:31
803,999,,40,26,create,2026-10-06 18:55:31
804,1000,,40,26,create,2026-10-06 18:55:31
805,1001,,40,26,create,2026-10-06 18:55:31
806,1002,,40,26,create,2026-10-06 18:55:31
807,1003,,40,26,create,2026-10-06 18:55:31
808,1004,,40,26,create,2026-10-06 18:55:31
809,1008,,7,26,create,2026-10-06 18:55:31
810,1009,,7,26,create,2026-10-06 18:55:31
811,1010,,7,26,create,2026-10-06 18:55:31
812,1011,,1,26,create,2026-10-06 18:55:31
813,1012,,1,26,create,2026-10-06 18:55:31
814,1013,,1,26,create,2026-10-06 18:55:31
815,1014,,1,26,create,2026-10-06 18:55:31
816,1015,,1,26,create,2026-10-06 18:55:31
817,1016,,3,26,create,2026-10-06 18:55:31
818,1017,,3,26,create,2026-10-06 18:55:31
819,1018,,18,26,create,2026-10-06 18:55:31
820,1019,,25,26,create,2026-10-06 18:55:31
821,1020,,5,26,create,2026-10-06 18:55:31
822,1021,,41,26,create,2026-10-06 18:55:31
823,1022,,41,26,create,2026-10-06 18:55:31
824,1023,,41,26,create,2026-10-06 18:55:31
825,1024,,8,26,create,2026-10-06 18:55:31
826,1025,,8,26,create,2026-10-06 18:55:31
827,1026,,6,26,create,2026-10-06 18:55:31
828,1029,,4,26,create,2026-10-06 18:55:31
829,1030,,4,26,create,2026-10-06 18:55:31
830,1031,,41,26,create,2026-10-06 18:55:31
831,1032,,41,26,create,2026-10-06 18:55:31
832,1033,,8,26,create,2026-10-06 18:55:31
833,1034,,8,26,create,2026-10-06 18:55:31
834,1035,,26,26,create,2026-10-06 18:55:31
835,1036,,26,26,create,2026-10-06 18:55:31
836,1037,,4,26,create,2026-10-06 18:55:31
837,1038,,4,26,create,2026-10-06 18:55:31
838,1039,,4,26,create,2026-10-06 18:55:31
839,1042,,26,26,create,2026-10-06 18:55:31
840,1043,,26,26,create,2026-10-06 18:55:31
841,1044,,26,26,create,2026-10-06 18:55:31
842,1047,,8,26,create,2026-10-06 18:55:31
843,1048,,41,26,create,2026-10-06 18:55:31
844,1049,,25,26,create,2026-10-06 18:55:31
845,1050,,2,26,create,2026-10-06 18:55:31
846,1051,,40,26,create,2026-10-06 18:55:31
847,1052,,19,26,create,2026-10-06 18:55:31
848,1053,,2,26,create,2026-10-06 18:55:31
849,1054,,2,26,create,2026-10-06 18:55:31
850,1055,,7,26,create,2026-10-06 18:55:31
851,1056,,7,26,create,2026-10-06 18:55:31
852,1057,,40,26,create,2026-10-06 18:55:31
853,1058,,40,26,create,2026-10-06 18:55:31
854,1074,,24,26,create,2026-10-06 18:55:31
855,1075,,24,26,create,2026-10-06 18:55:31
856,1076,,41,26,create,2026-10-06 18:55:31
857,1077,,41,26,create,2026-10-06 18:55:31
858,1078,,41,26,create,2026-10-06 18:55:31
859,1079,,41,26,create,2026-10-06 18:55:31
860,1080,,41,26,create,2026-10-06 18:55:31
861,1081,,41,26,create,2026-10-06 18:55:31
862,1082,,41,26,create,2026-10-06 18:55:31
863,1089,,40,26,create,2026-10-06 18:55:31
864,1090,,2,26,create,2026-10-06 18:55:31
865,1091,,40,26,create,2026-10-06 18:55:31
866,1092,,40,26,create,2026-10-06 18:55:31
867,1093,,25,26,create,2026-10-06 18:55:31
868,1094,,25,26,create,2026-10-06 18:55:31
869,1095,,40,26,create,2026-10-06 18:55:31
870,1096,,40,26,create,2026-10-06 18:55:31
871,1097,,7,26,create,2026-10-06 18:55:31
872,1098,,7,26,create,2026-10-06 18:55:31
873,1099,,25,26,create,2026-10-06 18:55:31
874,1100,,25,26,create,2026-10-06 18:55:31
875,1102,,41,26,create,2026-10-06 18:55:31
876,1111,,5,26,create,2026-10-06 18:55:31
877,1112,,7,26,create,2026-10-06 18:55:31
878,1113,,7,26,create,2026-10-06 18:55:31
879,1114,,27,26,create,2026-10-06 18:55:31
880,1115,,17,26,create,2026-10-06 18:55:31
881,1135,,41,26,create,2026-10-06 18:55:31
882,1136,,41,26,create,2026-10-06 18:55:31
883,1137,,41,26,create,2026-10-06 18:55:31
884,1138,,41,26,create,2026-10-06 18:55:31
885,1139,,24,26,create,2026-10-06 18:55:31
886,1140,,24,26,create,2026-10-06 18:55:31
887,1141,,24,26,create,2026-10-06 18:55:31
888,1147,,5,26,create,2026-10-06 18:55:31
889,1148,,5,26,create,2026-10-06 18:55:31
890,1149,,5,26,create,2026-10-06 18:55:31
891,1150,,2,26,create,2026-10-06 18:55:31
892,1151,,2,26,create,2026-10-06 18:55:31
893,1152,,2,26,create,2026-10-06 18:55:31
894,1153,,2,26,create,2026-10-06 18:55:31
895,1154,,42,26,create,2026-10-06 18:55:31
896,1155,,42,26,create,2026-10-06 18:55:31
897,1156,,42,26,create,2026-10-06 18:55:31
898,1157,,7,26,create,2026-10-06 18:55:31
899,1158,,40,26,create,2026-10-06 18:55:31
900,1159,,40,26,create,2026-10-06 18:55:31
901,1160,,40,26,create,2026-10-06 18:55:31
902,1161,,5,26,create,2026-10-06 18:55:31
903,1162,,16,26,create,2026-10-06 18:55:31
904,1163,,42,26,create,2026-10-06 18:55:31
905,1164,,2,26,create,2026-10-06 18:55:31
906,1165,,42,26,create,2026-10-06 18:55:31
907,1166,,42,26,create,2026-10-06 18:55:31
908,1167,,42,26,create,2026-10-06 18:55:31
909,1168,,42,26,create,2026-10-06 18:55:31
910,1169,,42,26,create,2026-10-06 18:55:31
911,1170,,2,26,create,2026-10-06 18:55:31
912,1171,,2,26,create,2026-10-06 18:55:31
913,1172,,2,26,create,2026-10-06 18:55:31
914,1173,,2,26,create,2026-10-06 18:55:31
915,1174,,2,26,create,2026-10-06 18:55:31
916,1175,,7,26,create,2026-10-06 18:55:31
917,1176,,7,26,create,2026-10-06 18:55:31
918,1177,,7,26,create,2026-10-06 18:55:31
919,1178,,7,26,create,2026-10-06 18:55:31
920,1179,,7,26,create,2026-10-06 18:55:31
921,1180,,40,26,create,2026-10-06 18:55:31
922,1181,,5,26,create,2026-10-06 18:55:31
923,1182,,7,26,create,2026-10-06 18:55:31
924,1183,,2,26,create,2026-10-06 18:55:31
925,1184,,2,26,create,2026-10-06 18:55:31
926,1185,,2,26,create,2026-10-06 18:55:31
927,1186,,2,26,create,2026-10-06 18:55:31
928,1187,,2,26,create,2026-10-06 18:55:31
929,1188,,3,26,create,2026-10-06 18:55:31
930,1194,,7,26,create,2026-10-06 18:55:31
931,1195,,7,26,create,2026-10-06 18:55:31
932,1196,,7,26,create,2026-10-06 18:55:31
933,1197,,7,26,create,2026-10-06 18:55:31
934,1198,,3,26,create,2026-10-06 18:55:31
935,1204,,2,26,create,2026-10-06 18:55:31
936,1205,,2,26,create,2026-10-06 18:55:31
937,1206,,2,26,create,2026-10-06 18:55:31
938,1207,,2,26,create,2026-10-06 18:55:31
939,1208,,42,26,create,2026-10-06 18:55:31
940,1209,,42,26,create,2026-10-06 18:55:31
941,1210,,40,26,create,2026-10-06 18:55:31
942,1211,,40,26,create,2026-10-06 18:55:31
943,1212,,40,26,create,2026-10-06 18:55:31
944,1213,,7,26,create,2026-10-06 18:55:31
945,1214,,17,26,create,2026-10-06 18:55:31
946,1215,,28,26,create,2026-10-06 18:55:31
947,1216,,28,26,create,2026-10-06 18:55:31
948,1217,,28,26,create,2026-10-06 18:55:31
949,1218,,28,26,create,2026-10-06 18:55:31
950,1219,,29,26,create,2026-10-06 18:55:31
951,1220,,29,26,create,2026-10-06 18:55:31
952,1226,,31,26,create,2026-10-06 18:55:31
953,1227,,10,26,create,2026-10-06 18:55:31
954,1228,,2,26,create,2026-10-06 18:55:31
955,1231,,7,26,create,2026-10-06 18:55:31
956,1235,,7,26,create,2026-10-06 18:55:31
957,1236,,7,26,create,2026-10-06 18:55:31
958,1237,,7,26,create,2026-10-06 18:55:31
959,1238,,7,26,create,2026-10-06 18:55:31
960,1241,,2,26,create,2026-10-06 18:55:31
961,1242,,2,26,create,2026-10-06 18:55:31
962,1243,,2,26,create,2026-10-06 18:55:31
963,1244,,2,26,create,2026-10-06 18:55:31
964,1245,,2,26,create,2026-10-06 18:55:31
965,1246,,7,26,create,2026-10-06 18:55:31
966,1247,,28,26,create,2026-10-06 18:55:31
967,1248,,17,26,create,2026-10-06 18:55:31
968,1249,,7,26,create,2026-10-06 18:55:31
969,1250,,7,26,create,2026-10-06 18:55:31
970,1251,,2,26,create,2026-10-06 18:55:31
971,1252,,2,26,create,2026-10-06 18:55:31
972,1253,,2,26,create,2026-10-06 18:55:31
973,1254,,10,26,create,2026-10-06 18:55:31
974,1255,,17,26,create,2026-10-06 18:55:31
975,1256,,1,26,create,2026-10-06 18:55:31
976,1257,,1,26,create,2026-10-06 18:55:31
977,1258,,7,26,create,2026-10-06 18:55:31
978,1259,,17,26,create,2026-10-06 18:55:31
979,1261,,6,26,create,2026-10-06 18:55:31
980,1262,,41,26,create,2026-10-06 18:55:31
981,1263,,6,26,create,2026-10-06 18:55:31
982,1264,,2,26,create,2026-10-06 18:55:31
983,1265,,10,26,create,2026-10-06 18:55:31
984,1266,,2,26,create,2026-10-06 18:55:31
985,1267,,42,26,create,2026-10-06 18:55:31
986,1268,,2,26,create,2026-10-06 18:55:31
987,1269,,2,26,create,2026-10-06 18:55:31
988,1270,,2,26,create,2026-10-06 18:55:31
989,1271,,7,26,create,2026-10-06 18:55:31
990,1272,,7,26,create,2026-10-06 18:55:31
991,1273,,7,26,create,2026-10-06 18:55:31
992,1274,,2,26,create,2026-10-06 18:55:31
993,1275,,10,26,create,2026-10-06 18:55:31
994,1276,,41,26,create,2026-10-06 18:55:31
995,1278,,2,26,create,2026-10-06 18:55:31
996,1281,,10,26,create,2026-10-06 18:55:31
997,1282,,1,26,create,2026-10-06 18:55:31
998,1283,,7,26,create,2026-10-06 18:55:31
999,1284,,7,26,create,2026-10-06 18:55:31
1000,1285,,42,26,create,2026-10-06 18:55:31
1001,1286,,42,26,create,2026-10-06 18:55:31
1002,1287,,2,26,create,2026-10-06 18:55:31
1003,1288,,2,26,create,2026-10-06 18:55:31
1004,1289,,28,26,create,2026-10-06 18:55:31
1005,1290,,28,26,create,2026-10-06 18:55:31
1006,1291,,29,26,create,2026-10-06 18:55:31
1007,1295,,18,26,create,2026-10-06 18:55:31
1008,1296,,10,26,create,2026-10-06 18:55:31
1009,1297,,7,26,create,2026-10-06 18:55:31
1010,1298,,17,26,create,2026-10-06 18:55:31
1011,1299,,41,26,create,2026-10-06 18:55:31
1012,1300,,42,26,create,2026-10-06 18:55:31
1013,1301,,2,26,create,2026-10-06 18:55:31
1014,1302,,10,26,create,2026-10-06 18:55:31
1015,1303,,42,26,create,2026-10-06 18:55:31
1016,1304,,7,26,create,2026-10-06 18:55:31
1017,1307,,17,26,create,2026-10-06 18:55:31
1018,1308,,9,26,create,2026-10-06 18:55:31
1019,1309,,9,26,create,2026-10-06 18:55:31
1020,1310,,1,26,create,2026-10-06 18:55:31
1021,1311,,1,26,create,2026-10-06 18:55:31
1022,1312,,1,26,create,2026-10-06 18:55:31
1023,1313,,42,26,create,2026-10-06 18:55:31
1024,1314,,28,26,create,2026-10-06 18:55:31
1025,1315,,28,26,create,2026-10-06 18:55:31
1026,1316,,2,26,create,2026-10-06 18:55:31
1027,1317,,2,26,create,2026-10-06 18:55:31
1028,1318,,2,26,create,2026-10-06 18:55:31
1029,1319,,7,26,create,2026-10-06 18:55:31
1030,1320,,29,26,create,2026-10-06 18:55:31
1031,1321,,29,26,create,2026-10-06 18:55:31
1032,1322,,29,26,create,2026-10-06 18:55:31
1033,1323,,41,26,create,2026-10-06 18:55:31
1034,1324,,41,26,create,2026-10-06 18:55:31
1035,1325,,17,26,create,2026-10-06 18:55:31
1036,1329,,42,26,create,2026-10-06 18:55:31
1037,1337,,2,26,create,2026-10-06 18:55:31
1038,1338,,2,26,create,2026-10-06 18:55:31
1039,1339,,2,26,create,2026-10-06 18:55:31
1040,1340,,2,26,create,2026-10-06 18:55:31
1041,1344,,2,26,create,2026-10-06 18:55:31
1042,1345,,2,26,create,2026-10-06 18:55:31
1043,1346,,2,26,create,2026-10-06 18:55:31
1044,1347,,21,26,create,2026-10-06 18:55:31
1045,1350,,21,26,create,2026-10-06 18:55:31
1046,1351,,2,26,create,2026-10-06 18:55:31
1047,1352,,5,26,create,2026-10-06 18:55:31
1048,1354,,42,26,create,2026-10-06 18:55:31
1049,1355,,7,26,create,2026-10-06 18:55:31
1050,1356,,1,26,create,2026-10-06 18:55:31
1051,1357,,28,26,create,2026-10-06 18:55:31
1052,1358,,2,26,create,2026-10-06 18:55:31
1053,1359,,2,26,create,2026-10-06 18:55:31
1054,1360,,6,26,create,2026-10-06 18:55:31
1055,1361,,6,26,create,2026-10-06 18:55:31
1056,1362,,41,26,create,2026-10-06 18:55:31
1057,1363,,41,26,create,2026-10-06 18:55:31
1058,1364,,41,26,create,2026-10-06 18:55:31
1059,1365,,2,26,create,2026-10-06 18:55:31
1060,1368,,42,26,create,2026-10-06 18:55:31
1061,1369,,42,26,create,2026-10-06 18:55:31
1062,1370,,31,26,create,2026-10-06 18:55:31
1063,1371,,31,26,create,2026-10-06 18:55:31
1064,1375,,1,26,create,2026-10-06 18:55:31
1065,1376,,1,26,create,2026-10-06 18:55:31
1066,1377,,9,26,create,2026-10-06 18:55:31
1067,1378,,9,26,create,2026-10-06 18:55:31
1068,1379,,7,26,create,2026-10-06 18:55:31
1069,1380,,7,26,create,2026-10-06 18:55:31
1070,1381,,23,26,create,2026-10-06 18:55:31
1071,1382,,23,26,create,2026-10-06 18:55:31
1072,1383,,5,26,create,2026-10-06 18:55:31
1073,1384,,5,26,create,2026-10-06 18:55:31
1074,1385,,31,26,create,2026-10-06 18:55:31
1075,1386,,31,26,create,2026-10-06 18:55:31
1076,1387,,42,26,create,2026-10-06 18:55:31
1077,1388,,42,26,create,2026-10-06 18:55:31
1078,1391,,7,26,create,2026-10-06 18:55:31
1079,1392,,7,26,create,2026-10-06 18:55:31
1080,1393,,9,26,create,2026-10-06 18:55:31
1081,1394,,42,26,create,2026-10-06 18:55:31
1082,1395,,42,26,create,2026-10-06 18:55:31
1083,1398,,28,26,create,2026-10-06 18:55:31
1084,1399,,28,26,create,2026-10-06 18:55:31
1085,1400,,7,26,create,2026-10-06 18:55:31
1086,1401,,7,26,create,2026-10-06 18:55:31
1087,1402,,28,26,create,2026-10-06 18:55:31
1088,1403,,9,26,create,2026-10-06 18:55:31
1089,1404,,28,26,create,2026-10-06 18:55:31
1090,1405,,2,26,create,2026-10-06 18:55:31
1091,1406,,2,26,create,2026-10-06 18:55:31
1092,1407,,2,26,create,2026-10-06 18:55:31
1093,1408,,7,26,create,2026-10-06 18:55:31
1094,1409,,31,26,create,2026-10-06 18:55:31
1095,1410,,40,26,create,2026-10-06 18:55:31
1096,1413,,41,26,create,2026-10-06 18:55:31
1097,1414,,29,26,create,2026-10-06 18:55:31
1098,1415,,41,26,create,2026-10-06 18:55:31
1099,1416,,41,26,create,2026-10-06 18:55:31
1100,1417,,41,26,create,2026-10-06 18:55:31
1101,1422,,40,26,create,2026-10-06 18:55:31
1102,1423,,40,26,create,2026-10-06 18:55:31
1103,1424,,42,26,create,2026-10-06 18:55:31
1104,1425,,2,26,create,2026-10-06 18:55:31
1105,1426,,29,26,create,2026-10-06 18:55:31
1106,1427,,28,26,create,2026-10-06 18:55:31
1107,1428,,41,26,create,2026-10-06 18:55:31
1108,1429,,29,26,create,2026-10-06 18:55:31
1109,1430,,29,26,create,2026-10-06 18:55:31
1110,1431,,42,26,create,2026-10-06 18:55:31
1111,1432,,29,26,create,2026-10-06 18:55:31
1112,1433,,41,26,create,2026-10-06 18:55:31
1113,1434,,41,26,create,2026-10-06 18:55:31
1114,1435,,41,26,create,2026-10-06 18:55:31
1115,1436,,41,26,create,2026-10-06 18:55:31
1116,1437,,41,26,create,2026-10-06 18:55:31
1117,1438,,28,26,create,2026-10-06 18:55:31
1118,1439,,28,26,create,2026-10-06 18:55:31
1119,1440,,9,26,create,2026-10-06 18:55:31
1120,1441,,2,26,create,2026-10-06 18:55:31
1121,1442,,2,26,create,2026-10-06 18:55:31
1122,1443,,9,26,create,2026-10-06 18:55:31
1123,1444,,9,26,create,2026-10-06 18:55:31
1124,1445,,28,26,create,2026-10-06 18:55:31
1125,1446,,7,26,create,2026-10-06 18:55:31
1126,1447,,7,26,create,2026-10-06 18:55:31
1127,1448,,2,26,create,2026-10-06 18:55:31
1128,1449,,2,26,create,2026-10-06 18:55:31
1129,1450,,2,26,create,2026-10-06 18:55:31
1130,1451,,42,26,create,2026-10-06 18:55:31
1131,1452,,42,26,create,2026-10-06 18:55:31
1132,1453,,21,26,create,2026-10-06 18:55:31
1133,1454,,21,26,create,2026-10-06 18:55:31
1134,1455,,21,26,create,2026-10-06 18:55:31
1135,1456,,41,26,create,2026-10-06 18:55:31
1136,1457,,29,26,create,2026-10-06 18:55:31
1137,1458,,21,26,create,2026-10-06 18:55:31
1138,1459,,21,26,create,2026-10-06 18:55:31
1139,1460,,2,26,create,2026-10-06 18:55:31
1140,1461,,41,26,create,2026-10-06 18:55:31
1141,1462,,41,26,create,2026-10-06 18:55:31
1142,1463,,21,26,create,2026-10-06 18:55:31
1143,1464,,21,26,create,2026-10-06 18:55:31
1144,1465,,29,26,create,2026-10-06 18:55:31
1145,1466,,28,26,create,2026-10-06 18:55:31
1146,1467,,2,26,create,2026-10-06 18:55:31
1147,1468,,2,26,create,2026-10-06 18:55:31
1148,1469,,2,26,create,2026-10-06 18:55:31
1149,1470,,6,26,create,2026-10-06 18:55:31
1150,1471,,41,26,create,2026-10-06 18:55:31
1151,1472,,41,26,create,2026-10-06 18:55:31
1152,1473,,41,26,create,2026-10-06 18:55:31
1153,1474,,29,26,create,2026-10-06 18:55:31
1154,1475,,29,26,create,2026-10-06 18:55:31
1155,1476,,29,26,create,2026-10-06 18:55:31
1156,1477,,21,26,create,2026-10-06 18:55:31
1157,1478,,21,26,create,2026-10-06 18:55:31
1158,1479,,21,26,create,2026-10-06 18:55:31
1159,1480,,21,26,create,2026-10-06 18:55:31
1160,1481,,44,26,create,2026-10-06 18:55:31
1161,1482,,4,26,create,2026-10-06 18:55:31
1162,1483,,17,26,create,2026-10-06 18:55:31
1163,1484,,17,26,create,2026-10-06 18:55:31
1164,1489,,41,26,create,2026-10-06 18:55:31
1165,1490,,41,26,create,2026-10-06 18:55:31
1166,1491,,41,26,create,2026-10-06 18:55:31
1167,1492,,6,26,create,2026-10-06 18:55:31
1168,1493,,29,26,create,2026-10-06 18:55:31
1169,1494,,29,26,create,2026-10-06 18:55:31
1170,1496,,41,26,create,2026-10-06 18:55:31
1171,1497,,17,26,create,2026-10-06 18:55:31
1172,1498,,17,26,create,2026-10-06 18:55:31
1173,1499,,17,26,create,2026-10-06 18:55:31
1174,1500,,17,26,create,2026-10-06 18:55:31
1175,1501,,17,26,create,2026-10-06 18:55:31
1176,1506,,2,26,create,2026-10-06 18:55:31
1177,1509,,44,26,create,2026-10-06 18:55:31
1178,1511,,1,26,create,2026-10-06 18:55:31
1179,1512,,42,26,create,2026-10-06 18:55:31
1180,1513,,7,26,create,2026-10-06 18:55:31
1181,1516,,28,26,create,2026-10-06 18:55:31
1182,1517,,44,26,create,2026-10-06 18:55:31
1183,1519,,2,26,create,2026-10-06 18:55:31
1184,1520,,2,26,create,2026-10-06 18:55:31
1185,1522,,43,26,create,2026-10-06 18:55:31
1186,1525,,2,26,create,2026-10-06 18:55:31
1187,1526,,2,26,create,2026-10-06 18:55:31
1188,1527,,2,26,create,2026-10-06 18:55:31
1189,1528,,2,26,create,2026-10-06 18:55:31
1190,1529,,1,26,create,2026-10-06 18:55:31
1191,1530,,28,26,create,2026-10-06 18:55:31
1192,1531,,7,26,create,2026-10-06 18:55:31
1193,1532,,7,26,create,2026-10-06 18:55:31
1194,1533,,7,26,create,2026-10-06 18:55:31
1195,1534,,40,26,create,2026-10-06 18:55:31
1196,1535,,32,26,create,2026-10-06 18:55:31
1197,1536,,32,26,create,2026-10-06 18:55:31
1198,1537,,32,26,create,2026-10-06 18:55:31
1199,1541,,5,26,create,2026-10-06 18:55:31
1200,1544,,7,26,create,2026-10-06 18:55:31
1201,1545,,39,26,create,2026-10-06 18:55:31
1202,1546,,39,26,create,2026-10-06 18:55:31
1203,1547,,39,26,create,2026-10-06 18:55:31
1204,1548,,30,26,create,2026-10-06 18:55:31
1205,1549,,30,26,create,2026-10-06 18:55:31
1206,1550,,30,26,create,2026-10-06 18:55:31
1207,1556,,2,26,create,2026-10-06 18:55:31
1208,1557,,2,26,create,2026-10-06 18:55:31
1209,1558,,2,26,create,2026-10-06 18:55:31
1210,1559,,28,26,create,2026-10-06 18:55:31
1211,1560,,1,26,create,2026-10-06 18:55:31
1212,1561,,1,26,create,2026-10-06 18:55:31
1213,1564,,43,26,create,2026-10-06 18:55:31
1214,1565,,2,26,create,2026-10-06 18:55:31
1215,1566,,42,26,create,2026-10-06 18:55:31
1216,1567,,6,26,create,2026-10-06 18:55:31
1217,1570,,28,26,create,2026-10-06 18:55:31
1218,1571,,28,26,create,2026-10-06 18:55:31
1219,1572,,1,26,create,2026-10-06 18:55:31
1220,1573,,42,26,create,2026-10-06 18:55:31
1221,1574,,28,26,create,2026-10-06 18:55:31
1222,1575,,28,26,create,2026-10-06 18:55:31
1223,1576,,28,26,create,2026-10-06 18:55:31
1224,1577,,2,26,create,2026-10-06 18:55:31
1225,1578,,2,26,create,2026-10-06 18:55:31
1226,1579,,7,26,create,2026-10-06 18:55:31
1227,1581,,31,26,create,2026-10-06 18:55:31
1228,1582,,40,26,create,2026-10-06 18:55:31
1229,1583,,40,26,create,2026-10-06 18:55:31
1230,1584,,40,26,create,2026-10-06 18:55:31
1231,1588,,32,26,create,2026-10-06 18:55:31
1232,1589,,32,26,create,2026-10-06 18:55:31
1233,1590,,39,26,create,2026-10-06 18:55:31
1234,1591,,39,26,create,2026-10-06 18:55:31
1235,1592,,39,26,create,2026-10-06 18:55:31
1236,1593,,2,26,create,2026-10-06 18:55:31
1237,1594,,2,26,create,2026-10-06 18:55:31
1238,1595,,2,26,create,2026-10-06 18:55:31
1239,1596,,7,26,create,2026-10-06 18:55:31
1240,1597,,7,26,create,2026-10-06 18:55:31
1241,1598,,7,26,create,2026-10-06 18:55:31
1242,1599,,34,26,create,2026-10-06 18:55:31
1243,1606,,44,26,create,2026-10-06 18:55:31
1244,1607,,44,26,create,2026-10-06 18:55:31
1245,1616,,43,26,create,2026-10-06 18:55:31
1246,1619,,33,26,create,2026-10-06 18:55:31
1247,1620,,33,26,create,2026-10-06 18:55:31
1248,1621,,32,26,create,2026-10-06 18:55:31
1249,1622,,1,26,create,2026-10-06 18:55:31
1250,1623,,42,26,create,2026-10-06 18:55:31
1251,1624,,42,26,create,2026-10-06 18:55:31
1252,1625,,2,26,create,2026-10-06 18:55:31
1253,1626,,2,26,create,2026-10-06 18:55:31
1254,1627,,46,26,create,2026-10-06 18:55:31
1255,1629,,2,26,create,2026-10-06 18:55:31
1256,1630,,2,26,create,2026-10-06 18:55:31
1257,1631,,23,26,create,2026-10-06 18:55:31
1258,1632,,1,26,create,2026-10-06 18:55:31
1259,1637,,3,26,create,2026-10-06 18:55:31
1260,1638,,31,26,create,2026-10-06 18:55:31
1261,1639,,31,26,create,2026-10-06 18:55:31
1262,1640,,31,26,create,2026-10-06 18:55:31
1263,1641,,31,26,create,2026-10-06 18:55:31
1264,1646,,18,26,create,2026-10-06 18:55:31
1265,1647,,18,26,create,2026-10-06 18:55:31
1266,1648,,18,26,create,2026-10-06 18:55:31
1267,1649,,18,26,create,2026-10-06 18:55:31
1268,1650,,18,26,create,2026-10-06 18:55:31
1269,1651,,44,26,create,2026-10-06 18:55:31
1270,1652,,44,26,create,2026-10-06 18:55:31
1271,1653,,29,26,create,2026-10-06 18:55:31
1272,1654,,6,26,create,2026-10-06 18:55:31
1273,1655,,34,26,create,2026-10-06 18:55:31
1274,1656,,29,26,create,2026-10-06 18:55:31
1275,1657,,29,26,create,2026-10-06 18:55:31
1276,1658,,44,26,create,2026-10-06 18:55:31
1277,1659,,44,26,create,2026-10-06 18:55:31
1278,1660,,44,26,create,2026-10-06 18:55:31
1279,1661,,29,26,create,2026-10-06 18:55:31
1280,1662,,6,26,create,2026-10-06 18:55:31
1281,1663,,1,26,create,2026-10-06 18:55:31
1282,1664,,1,26,create,2026-10-06 18:55:31
1283,1665,,1,26,create,2026-10-06 18:55:31
1284,1666,,2,26,create,2026-10-06 18:55:31
1285,1667,,2,26,create,2026-10-06 18:55:31
1286,1668,,2,26,create,2026-10-06 18:55:31
1287,1669,,33,26,create,2026-10-06 18:55:31
1288,1670,,45,26,create,2026-10-06 18:55:31
1289,1671,,45,26,create,2026-10-06 18:55:31
1290,1675,,30,26,create,2026-10-06 18:55:31
1291,1676,,39,26,create,2026-10-06 18:55:31
1292,1677,,7,26,create,2026-10-06 18:55:31
1293,1684,,40,26,create,2026-10-06 18:55:31
1294,1685,,40,26,create,2026-10-06 18:55:31
1295,1690,,46,26,create,2026-10-06 18:55:31
1296,1691,,46,26,create,2026-10-06 18:55:31
1297,1692,,46,26,create,2026-10-06 18:55:31
1298,1693,,34,26,create,2026-10-06 18:55:31
1299,1694,,34,26,create,2026-10-06 18:55:31
1300,1695,,34,26,create,2026-10-06 18:55:31
1301,1696,,34,26,create,2026-10-06 18:55:31
1302,1697,,34,26,create,2026-10-06 18:55:31
1303,1714,,44,26,create,2026-10-06 18:55:31
1304,1715,,6,26,create,2026-10-06 18:55:31
1305,1717,,2,26,create,2026-10-06 18:55:31
1306,1718,,42,26,create,2026-10-06 18:55:31
1307,1728,,6,26,create,2026-10-06 18:55:31
1308,1729,,44,26,create,2026-10-06 18:55:31
1309,1730,,10,26,create,2026-10-06 18:55:31
1310,1731,,45,26,create,2026-10-06 18:55:31
1311,1736,,2,26,create,2026-10-06 18:55:31
1312,1737,,2,26,create,2026-10-06 18:55:31
1313,1738,,2,26,create,2026-10-06 18:55:31
1314,1739,,2,26,create,2026-10-06 18:55:31
1315,1740,,2,26,create,2026-10-06 18:55:31
1316,1747,,29,26,create,2026-10-06 18:55:31
1317,1748,,29,26,create,2026-10-06 18:55:31
1318,1753,,6,26,create,2026-10-06 18:55:31
1319,1754,,6,26,create,2026-10-06 18:55:31
1320,1755,,6,26,create,2026-10-06 18:55:31
1321,1759,,41,26,create,2026-10-06 18:55:31
1322,1760,,41,26,create,2026-10-06 18:55:31
1323,1761,,41,26,create,2026-10-06 18:55:31
1324,1762,,35,26,create,2026-10-06 18:55:31
1325,1763,,35,26,create,2026-10-06 18:55:31
1326,1765,,1,26,create,2026-10-06 18:55:31
1327,1767,,35,26,create,2026-10-06 18:55:31
1328,1770,,44,26,create,2026-10-06 18:55:31
1329,1771,,41,26,create,2026-10-06 18:55:31
1330,1778,,35,26,create,2026-10-06 18:55:31
1331,1779,,35,26,create,2026-10-06 18:55:31
1332,1780,,35,26,create,2026-10-06 18:55:31
1333,1781,,35,26,create,2026-10-06 18:55:31
1334,1782,,44,26,create,2026-10-06 18:55:31
1335,1783,,44,26,create,2026-10-06 18:55:31
1336,1785,,43,26,create,2026-10-06 18:55:31
1337,1786,,34,26,create,2026-10-06 18:55:31
1338,1790,,34,26,create,2026-10-06 18:55:31
1339,1791,,6,26,create,2026-10-06 18:55:31
1340,1793,,35,26,create,2026-10-06 18:55:31
1341,1794,,41,26,create,2026-10-06 18:55:31
1342,1795,,41,26,create,2026-10-06 18:55:31
1343,1800,,2,26,create,2026-10-06 18:55:31
1344,1804,,1,26,create,2026-10-06 18:55:31
1345,1805,,42,26,create,2026-10-06 18:55:31
1346,1806,,42,26,create,2026-10-06 18:55:31
1347,1811,,44,26,create,2026-10-06 18:55:31
1348,1812,,1,26,create,2026-10-06 18:55:31
1349,1813,,1,26,create,2026-10-06 18:55:31
1350,1814,,33,26,create,2026-10-06 18:55:31
1351,1815,,13,26,create,2026-10-06 18:55:31
1352,1816,,6,26,create,2026-10-06 18:55:31
1353,1824,,35,26,create,2026-10-06 18:55:31
1354,1825,,41,26,create,2026-10-06 18:55:31
1355,1828,,2,26,create,2026-10-06 18:55:31
1356,1829,,2,26,create,2026-10-06 18:55:31
1357,1830,,33,26,create,2026-10-06 18:55:31
1358,1833,,33,26,create,2026-10-06 18:55:31
1359,1836,,35,26,create,2026-10-06 18:55:31
1360,1841,,41,26,create,2026-10-06 18:55:31
1361,1844,,2,26,create,2026-10-06 18:55:31
1362,1845,,7,26,create,2026-10-06 18:55:31
1363,1847,,39,26,create,2026-10-06 18:55:31
1364,1848,,42,26,create,2026-10-06 18:55:31
1365,1852,,44,26,create,2026-10-06 18:55:31
1366,1853,,6,26,create,2026-10-06 18:55:31
1367,1859,,36,26,create,2026-10-06 18:55:31
1368,1862,,2,26,create,2026-10-06 18:55:31
1369,1863,,6,26,create,2026-10-06 18:55:31
1370,1883,,2,26,create,2026-10-06 18:55:31
1371,1884,,2,26,create,2026-10-06 18:55:31
1372,1901,,2,26,create,2026-10-06 18:55:31
1373,1907,,21,26,create,2026-10-06 18:55:31
1374,1910,,2,26,create,2026-10-06 18:55:31
1375,1929,,44,26,create,2026-10-06 18:55:31
1376,1931,,2,26,create,2026-10-06 18:55:31
1377,1936,,36,26,create,2026-10-06 18:55:31
1378,1941,,2,26,create,2026-10-06 18:55:31
1379,1942,,2,26,create,2026-10-06 18:55:31
1380,1943,,21,26,create,2026-10-06 18:55:31
1381,1950,,2,26,create,2026-10-06 18:55:31
1382,1951,,2,26,create,2026-10-06 18:55:31
1383,1952,,2,26,create,2026-10-06 18:55:31
1384,1955,,21,26,create,2026-10-06 18:55:31
1385,1956,,2,26,create,2026-10-06 18:55:31
1386,1957,,2,26,create,2026-10-06 18:55:31
1387,1958,,2,26,create,2026-10-06 18:55:31
1388,1959,,2,26,create,2026-10-06 18:55:31
1389,1962,,21,26,create,2026-10-06 18:55:31
1390,1963,,48,26,create,2026-10-06 18:55:31
1391,1964,,11,26,create,2026-10-06 18:55:31
1392,1965,,36,26,create,2026-10-06 18:55:31
1393,1966,,21,26,create,2026-10-06 18:55:31
1394,1971,,21,26,create,2026-10-06 18:55:31
1395,1972,,21,26,create,2026-10-06 18:55:31
1396,1982,,2,26,create,2026-10-06 18:55:31
1397,1983,,2,26,create,2026-10-06 18:55:31
1398,1991,,2,26,create,2026-10-06 18:55:31
1399,1992,,2,26,create,2026-10-06 18:55:31
1400,1996,,23,26,create,2026-10-06 18:55:31
1401,2002,,2,26,create,2026-10-06 18:55:31
1402,2004,,42,26,create,2026-10-06 18:55:31
1403,2010,,35,26,create,2026-10-06 18:55:31
1404,2011,,35,26,create,2026-10-06 18:55:31
1405,2012,,35,26,create,2026-10-06 18:55:31
1406,2013,,35,26,create,2026-10-06 18:55:31
1407,2014,,35,26,create,2026-10-06 18:55:31
1408,2033,,10,26,create,2026-10-06 18:55:31
1409,2034,,10,26,create,2026-10-06 18:55:31
1410,2035,,2,26,create,2026-10-06 18:55:31
1411,2036,,2,26,create,2026-10-06 18:55:31
1412,2037,,2,26,create,2026-10-06 18:55:31
1413,2038,,42,26,create,2026-10-06 18:55:31
1414,2039,,42,26,create,2026-10-06 18:55:31
1415,2040,,34,26,create,2026-10-06 18:55:31
1416,2041,,34,26,create,2026-10-06 18:55:31
1417,2042,,7,26,create,2026-10-06 18:55:31
1418,2048,,11,26,create,2026-10-06 18:55:31
1419,2049,,11,26,create,2026-10-06 18:55:31
1420,2050,,11,26,create,2026-10-06 18:55:31
1421,2054,,11,26,create,2026-10-06 18:55:31
1422,2055,,11,26,create,2026-10-06 18:55:31
1423,2056,,11,26,create,2026-10-06 18:55:31
1424,2057,,11,26,create,2026-10-06 18:55:31
1425,2071,,2,26,create,2026-10-06 18:55:31
1426,2072,,2,26,create,2026-10-06 18:55:31
1427,2073,,2,26,create,2026-10-06 18:55:31
1428,2074,,2,26,create,2026-10-06 18:55:31
1429,2075,,7,26,create,2026-10-06 18:55:31
1430,2076,,7,26,create,2026-10-06 18:55:31
1431,2077,,7,26,create,2026-10-06 18:55:31
1432,2078,,7,26,create,2026-10-06 18:55:31
1433,2082,,28,26,create,2026-10-06 18:55:31
1434,2083,,28,26,create,2026-10-06 18:55:31
1435,2084,,28,26,create,2026-10-06 18:55:31
1436,2090,,11,26,create,2026-10-06 18:55:31
1437,2096,,37,26,create,2026-10-06 18:55:31
1438,2097,,37,26,create,2026-10-06 18:55:31
1439,2098,,37,26,create,2026-10-06 18:55:31
1440,2099,,37,26,create,2026-10-06 18:55:31
1441,2100,,11,26,create,2026-10-06 18:55:31
1442,2101,,11,26,create,2026-10-06 18:55:31
1443,2102,,11,26,create,2026-10-06 18:55:31
1444,2103,,11,26,create,2026-10-06 18:55:31
1445,2110,,2,26,create,2026-10-06 18:55:31
1446,2111,,2,26,create,2026-10-06 18:55:31
1447,2112,,2,26,create,2026-10-06 18:55:31
1448,2113,,31,26,create,2026-10-06 18:55:31
1449,2114,,31,26,create,2026-10-06 18:55:31
1450,2117,,7,26,create,2026-10-06 18:55:31
1451,2120,,7,26,create,2026-10-06 18:55:31
1452,2121,,2,26,create,2026-10-06 18:55:31
1453,2122,,2,26,create,2026-10-06 18:55:31
1454,2123,,2,26,create,2026-10-06 18:55:31
1455,2127,,11,26,create,2026-10-06 18:55:31
1456,2128,,11,26,create,2026-10-06 18:55:31
1457,2129,,11,26,create,2026-10-06 18:55:31
1458,2130,,11,26,create,2026-10-06 18:55:31
1459,2131,,11,26,create,2026-10-06 18:55:31
1460,2135,,42,26,create,2026-10-06 18:55:31
1461,2136,,11,26,create,2026-10-06 18:55:31
1462,2137,,48,26,create,2026-10-06 18:55:31
1463,2138,,48,26,create,2026-10-06 18:55:31
1464,2141,,14,26,create,2026-10-06 18:55:31
1465,2142,,14,26,create,2026-10-06 18:55:31
1466,2143,,28,26,create,2026-10-06 18:55:31
1467,2144,,28,26,create,2026-10-06 18:55:31
1468,2145,,48,26,create,2026-10-06 18:55:31
1469,2146,,48,26,create,2026-10-06 18:55:31
1470,2149,,14,26,create,2026-10-06 18:55:31
1471,2150,,14,26,create,2026-10-06 18:55:31
1472,2151,,28,26,create,2026-10-06 18:55:31
1473,2152,,28,26,create,2026-10-06 18:55:31
1474,2156,,41,26,create,2026-10-06 18:55:31
1475,2157,,41,26,create,2026-10-06 18:55:31
1476,2158,,41,26,create,2026-10-06 18:55:31
1477,2159,,41,26,create,2026-10-06 18:55:31
1478,2160,,41,26,create,2026-10-06 18:55:31
1479,2161,,37,26,create,2026-10-06 18:55:31
1480,2162,,37,26,create,2026-10-06 18:55:31
1481,2163,,37,26,create,2026-10-06 18:55:31
1482,2164,,37,26,create,2026-10-06 18:55:31
1483,2165,,37,26,create,2026-10-06 18:55:31
1484,2166,,37,26,create,2026-10-06 18:55:31
1485,2167,,37,26,create,2026-10-06 18:55:31
1486,2168,,37,26,create,2026-10-06 18:55:31
1487,2169,,37,26,create,2026-10-06 18:55:31
1488,2170,,37,26,create,2026-10-06 18:55:31
1489,2181,,11,26,create,2026-10-06 18:55:31
1490,2182,,11,26,create,2026-10-06 18:55:31
1491,2183,,11,26,create,2026-10-06 18:55:31
1492,2184,,11,26,create,2026-10-06 18:55:31
1493,2185,,11,26,create,2026-10-06 18:55:31
