id,name,owner_id,platform,created_at
23,不花费,1,fb,2026-07-30 20:53:55
24,回收,1,fb,2026-07-30 20:53:55
25,存活,1,fb,2026-07-30 20:53:55
26,死亡,1,fb,2026-07-30 20:53:55
27,端口处理,1,fb,2026-07-30 20:53:55
28,验证,1,fb,2026-07-30 20:53:55
11,死亡,1,gg,2026-07-28 18:41:19
12,验证,1,gg,2026-07-28 18:41:19
13,存活,1,gg,2026-07-28 18:41:19
14,回收,1,gg,2026-07-28 18:41:19
15,不花费,1,gg,2026-07-28 18:41:19
22,端口处理,1,gg,2026-07-28 20:31:24
37,封户回收,,gg,2026-10-06 18:49:31
38,封户,6,gg,2026-10-06 18:49:31
39,渠道无法使用,6,gg,2026-10-06 18:49:31
40,找不到,1,gg,2026-10-06 18:49:31
41,封户未找到,1,gg,2026-10-06 18:49:31
42,元古清零,6,gg,2026-10-06 18:49:31
43,已回收,6,gg,2026-10-06 18:49:31
44,广告验证,2,gg,2026-10-06 18:49:31
45,已回收7.3,2,gg,2026-10-06 18:49:31
46,端口清零,6,gg,2026-10-06 18:49:31
47,代理解绑,6,gg,2026-10-06 18:49:31
48,验证户,6,gg,2026-10-06 18:49:31
49,已回收7.9,2,gg,2026-10-06 18:49:31
50,养户,9,gg,2026-10-06 18:49:31
51,解绑,,gg,2026-10-06 18:53:38
29,不花费,1,tt,2026-09-18 17:26:06
30,回收,1,tt,2026-09-18 17:26:06
31,存活,1,tt,2026-09-18 17:26:06
32,死亡,1,tt,2026-09-18 17:26:06
34,验证,1,tt,2026-09-18 17:26:06
52,没了,25,tt,2026-10-06 18:55:31
53,代理回收,25,tt,2026-10-06 18:55:31
54,封禁,,tt,2026-10-06 18:55:31
55,不消耗,25,tt,2026-10-06 18:55:31
56,渠道停,25,tt,2026-10-06 18:55:31
57,封,25,tt,2026-10-06 18:55:31
58,广告无法过审清退,31,tt,2026-10-06 18:55:31
59,已回收,,tt,2026-10-06 18:55:31
60,爆浆能过 成本很高,29,tt,2026-10-06 18:55:31
61,4月7日黎明转阿豪,30,tt,2026-10-06 18:55:31
62,用不了,23,tt,2026-10-06 18:55:31
63,提报中,30,tt,2026-10-06 18:55:31
64,未接收,25,tt,2026-10-06 18:55:31
65,未搭建完广告就封禁,29,tt,2026-10-06 18:55:31
66,掉权限,30,tt,2026-10-06 18:55:31
67,未收到,31,tt,2026-10-06 18:55:31
68,无法充值,30,tt,2026-10-06 18:55:31
69,媒体风控,,tt,2026-10-06 18:55:31
70,没有印尼产品，被回收,31,tt,2026-10-06 18:55:31
71,没产品,,tt,2026-10-06 18:55:31
72,无产品,,tt,2026-10-06 18:55:31
73,正常,,tt,2026-10-06 18:55:31
74,过不了广告，回收,29,tt,2026-10-06 18:55:31
75,账号异常申请中，回收,,tt,2026-10-06 18:55:31
76,拒广告,,tt,2026-10-06 18:55:31
77,要加白,28,tt,2026-10-06 18:55:31
78,什么类型广告都拒，正在加白 1,31,tt,2026-10-06 18:55:31
79,能过部分口播，其他的过不了,30,tt,2026-10-06 18:55:31
80,还在养,,tt,2026-10-06 18:55:31
81,拒审,25,tt,2026-10-06 18:55:31
82,什么都过不了,23,tt,2026-10-06 18:55:31
83,不能充值,23,tt,2026-10-06 18:55:31
84,刚到手，养户中,,tt,2026-10-06 18:55:31
85,pwa过不了审，全版位也过不了,30,tt,2026-10-06 18:55:31
86,广告过不了审 清退,29,tt,2026-10-06 18:55:31
87,pwa过不了审，全版位也过不了 清退,29,tt,2026-10-06 18:55:31
88,PWA过不了审，全版位也过不了,23,tt,2026-10-06 18:55:31
89,肥肥转阿豪,,tt,2026-10-06 18:55:31
90,过不了广告，清退,29,tt,2026-10-06 18:55:31
91,清退 广告一直不消耗,29,tt,2026-10-06 18:55:31
92,封禁 清退,29,tt,2026-10-06 18:55:31
93,消耗不稳定，会不消耗 清退,29,tt,2026-10-06 18:55:31
94,过不了广告,29,tt,2026-10-06 18:55:31
95,清退回收,23,tt,2026-10-06 18:55:31
96,不能过审.清退回收,25,tt,2026-10-06 18:55:31
97,禁用,23,tt,2026-10-06 18:55:31
98,部分通过,29,tt,2026-10-06 18:55:31
99,未通过,29,tt,2026-10-06 18:55:31
100,very good但是封禁,25,tt,2026-10-06 18:55:31
101,巴西全拒,25,tt,2026-10-06 18:55:31
102,账户审核失败废了,25,tt,2026-10-06 18:55:31
103,巴铁拒审,25,tt,2026-10-06 18:55:31
104,全拒审,30,tt,2026-10-06 18:55:31
105,只能过素口播，爆浆过不了,30,tt,2026-10-06 18:55:31
106,测试隔日反馈,30,tt,2026-10-06 18:55:31
107,限制充值,25,tt,2026-10-06 18:55:31
108,已停用,25,tt,2026-10-06 18:55:31
109,充值不了,28,tt,2026-10-06 18:55:31
110,爆浆、口播都上不了,23,tt,2026-10-06 18:55:31
111,正常消耗,25,tt,2026-10-06 18:55:31
112,过不了审，还在尝试中,30,tt,2026-10-06 18:55:31
113,广告过不了审,30,tt,2026-10-06 18:55:31
114,PWA和包都过不了审,23,tt,2026-10-06 18:55:31
115,封禁回收 9月赠金,25,tt,2026-10-06 18:55:31
116,未封被回收,25,tt,2026-10-06 18:55:31
117,巴西和澳洲可以消耗,25,tt,2026-10-06 18:55:31
118,拉跨 少量过Network,25,tt,2026-10-06 18:55:31
119,7678622685206855681,30,tt,2026-10-06 18:55:31
120,黎明,,tt,2026-10-06 18:56:13
121,哈兰德,,tt,2026-10-06 18:56:13
122,阿豪,,tt,2026-10-06 18:56:13
123,圣阳,,tt,2026-10-06 18:56:13
124,肥肥,,tt,2026-10-06 18:56:13
125,阿仲,,tt,2026-10-06 18:56:13
126,火锅,,tt,2026-10-06 18:56:13
127,阿轩,,tt,2026-10-06 18:56:13
128,哈迪,,tt,2026-10-06 18:56:13
129,熊猫,,tt,2026-10-06 18:56:13
130,六六,,tt,2026-10-06 18:56:13
131,hld,,tt,2026-10-06 18:56:13
132,胡桃,,tt,2026-10-06 18:56:13
133,阿轩转哈兰德,,tt,2026-10-06 18:56:13
134,阿豪转阿轩9.14,,tt,2026-10-06 18:56:13
135,-3,,tt,2026-10-06 18:56:36
136,7,,tt,2026-10-06 18:56:36
137,8,,tt,2026-10-06 18:56:36
138,补差,,tt,2026-10-06 18:56:51
139,已完成,,tt,2026-10-06 18:56:51
140,是,,tt,2026-10-06 18:57:22
